{
  "name": "ibm_montreal",
  "num_qubits": 27,
  "basis_gates": ["id", "rz", "sx", "x", "cx", "measure", "barrier"],
  "connectivity": [
    [0, 1],
    [1, 0],
    [1, 2],
    [1, 4],
    [2, 1],
    [2, 3],
    [3, 2],
    [3, 5],
    [4, 1],
    [4, 7],
    [5, 3],
    [5, 8],
    [6, 7],
    [7, 4],
    [7, 6],
    [7, 10],
    [8, 5],
    [8, 9],
    [8, 11],
    [9, 8],
    [10, 7],
    [10, 12],
    [11, 8],
    [11, 14],
    [12, 10],
    [12, 13],
    [12, 15],
    [13, 12],
    [13, 14],
    [14, 11],
    [14, 13],
    [14, 16],
    [15, 12],
    [15, 18],
    [16, 14],
    [16, 19],
    [17, 18],
    [18, 15],
    [18, 17],
    [18, 21],
    [19, 16],
    [19, 20],
    [19, 22],
    [20, 19],
    [21, 18],
    [21, 23],
    [22, 19],
    [22, 25],
    [23, 21],
    [23, 24],
    [24, 23],
    [24, 25],
    [25, 22],
    [25, 24],
    [25, 26],
    [26, 25]
  ],
  "properties": {
    "0": {
      "T1": 71.66672291703205,
      "T2": 7.112762140066229,
      "eRO": 0.0938,
      "tRO": 5201.777777777777,
      "eID": 0.0010518203623417416,
      "eSX": 0.0010518203623417416,
      "eX": 0.0010518203623417416,
      "eCX": { "0_1": 0.019235556262839848 },
      "tCX": { "0_1": 384 }
    },
    "1": {
      "T1": 64.66507592010221,
      "T2": 7.681003865655532,
      "eRO": 0.07940000000000003,
      "tRO": 5201.777777777777,
      "eID": 0.0006927722309073223,
      "eSX": 0.0006927722309073223,
      "eX": 0.0006927722309073223,
      "eCX": {
        "1_4": 0.023429394122931796,
        "1_2": 0.03009867438057126,
        "1_0": 0.019235556262839848
      },
      "tCX": {
        "1_4": 526.2222222222222,
        "1_2": 568.8888888888889,
        "1_0": 419.55555555555554
      }
    },
    "2": {
      "T1": 49.908817200355,
      "T2": 6.754112230265546,
      "eRO": 0.0928,
      "tRO": 5201.777777777777,
      "eID": 0.0009197035609403231,
      "eSX": 0.0009197035609403231,
      "eX": 0.0009197035609403231,
      "eCX": { "2_3": 0.023413172409800398, "2_1": 0.03009867438057126 },
      "tCX": { "2_3": 405.3333333333333, "2_1": 533.3333333333333 }
    },
    "3": {
      "T1": 58.025329689987004,
      "T2": 7.334818899642508,
      "eRO": 0.07709999999999995,
      "tRO": 5201.777777777777,
      "eID": 0.0006740046038981555,
      "eSX": 0.0006740046038981555,
      "eX": 0.0006740046038981555,
      "eCX": { "3_5": 0.02590167633562271, "3_2": 0.023413172409800398 },
      "tCX": { "3_5": 398.2222222222222, "3_2": 369.77777777777777 }
    },
    "4": {
      "T1": 99.45976032088674,
      "T2": 7.584520400893627,
      "eRO": 0.09759999999999991,
      "tRO": 5201.777777777777,
      "eID": 0.0007435779250637797,
      "eSX": 0.0007435779250637797,
      "eX": 0.0007435779250637797,
      "eCX": { "4_7": 0.020766456691068497, "4_1": 0.023429394122931796 },
      "tCX": { "4_7": 284.44444444444446, "4_1": 561.7777777777777 }
    },
    "5": {
      "T1": 28.230364723457136,
      "T2": 4.399137221277155,
      "eRO": 0.13280000000000003,
      "tRO": 5201.777777777777,
      "eID": 0.0028667893889678486,
      "eSX": 0.0028667893889678486,
      "eX": 0.0028667893889678486,
      "eCX": { "5_3": 0.02590167633562271, "5_8": 0.02760597906236456 },
      "tCX": { "5_3": 362.66666666666663, "5_8": 355.55555555555554 }
    },
    "6": {
      "T1": 128.0652127389986,
      "T2": 5.9139547843874025,
      "eRO": 0.1794,
      "tRO": 5201.777777777777,
      "eID": 0.0007316153886784232,
      "eSX": 0.0007316153886784232,
      "eX": 0.0007316153886784232,
      "eCX": { "6_7": 0.030234939462440824 },
      "tCX": { "6_7": 526.2222222222222 }
    },
    "7": {
      "T1": 94.96280704315383,
      "T2": 6.206525824711734,
      "eRO": 0.21089999999999998,
      "tRO": 5201.777777777777,
      "eID": 0.0007412208999774296,
      "eSX": 0.0007412208999774296,
      "eX": 0.0007412208999774296,
      "eCX": {
        "7_10": 0.05091381677485815,
        "7_6": 0.030234939462440824,
        "7_4": 0.020766456691068497
      },
      "tCX": {
        "7_10": 1059.5555555555554,
        "7_6": 490.66666666666663,
        "7_4": 320
      }
    },
    "8": {
      "T1": 92.56327355414118,
      "T2": 7.738098089400849,
      "eRO": 0.09199999999999997,
      "tRO": 5201.777777777777,
      "eID": 0.0008290924103647915,
      "eSX": 0.0008290924103647915,
      "eX": 0.0008290924103647915,
      "eCX": {
        "8_9": 0.018568259254578307,
        "8_11": 0.026158348483140276,
        "8_5": 0.02760597906236456
      },
      "tCX": {
        "8_9": 405.3333333333333,
        "8_11": 483.55555555555554,
        "8_5": 391.1111111111111
      }
    },
    "9": {
      "T1": 76.54950481273094,
      "T2": 8.662755001877471,
      "eRO": 0.07780000000000009,
      "tRO": 5201.777777777777,
      "eID": 0.0007795177139074391,
      "eSX": 0.0007795177139074391,
      "eX": 0.0007795177139074391,
      "eCX": { "9_8": 0.018568259254578307 },
      "tCX": { "9_8": 369.77777777777777 }
    },
    "10": {
      "T1": 49.21451672208631,
      "T2": 6.987492990379841,
      "eRO": 0.0726,
      "tRO": 5201.777777777777,
      "eID": 0.0008075297219840171,
      "eSX": 0.0008075297219840171,
      "eX": 0.0008075297219840171,
      "eCX": { "10_7": 0.05091381677485815, "10_12": 0.03613773720461208 },
      "tCX": { "10_7": 1024, "10_12": 412.4444444444444 }
    },
    "11": {
      "T1": 97.19826382613067,
      "T2": 5.251464246513595,
      "eRO": 0.08079999999999998,
      "tRO": 5201.777777777777,
      "eID": 0.0008521765546116179,
      "eSX": 0.0008521765546116179,
      "eX": 0.0008521765546116179,
      "eCX": { "11_14": 0.019395692937878822, "11_8": 0.026158348483140276 },
      "tCX": { "11_14": 341.3333333333333, "11_8": 448 }
    },
    "12": {
      "T1": 62.763979533681855,
      "T2": 2.7323151883970964,
      "eRO": 0.09289999999999998,
      "tRO": 5201.777777777777,
      "eID": 0.0024782168308529824,
      "eSX": 0.0024782168308529824,
      "eX": 0.0024782168308529824,
      "eCX": {
        "12_15": 0.038963765783884496,
        "12_13": 0.04810986531286929,
        "12_10": 0.03613773720461208
      },
      "tCX": {
        "12_15": 405.3333333333333,
        "12_13": 391.1111111111111,
        "12_10": 376.88888888888886
      }
    },
    "13": {
      "T1": 82.14667944835949,
      "T2": 4.75194977220945,
      "eRO": 0.08409999999999995,
      "tRO": 5201.777777777777,
      "eID": 0.0013638449728659565,
      "eSX": 0.0013638449728659565,
      "eX": 0.0013638449728659565,
      "eCX": { "13_12": 0.04810986531286929, "13_14": 0.03515134344366225 },
      "tCX": { "13_12": 426.66666666666663, "13_14": 490.66666666666663 }
    },
    "14": {
      "T1": 101.3516091045827,
      "T2": 7.150020502550195,
      "eRO": 0.08660000000000001,
      "tRO": 5201.777777777777,
      "eID": 0.0008924277390830977,
      "eSX": 0.0008924277390830977,
      "eX": 0.0008924277390830977,
      "eCX": {
        "14_16": 0.017672309126417873,
        "14_11": 0.019395692937878822,
        "14_13": 0.03515134344366225
      },
      "tCX": {
        "14_16": 355.55555555555554,
        "14_11": 376.88888888888886,
        "14_13": 526.2222222222222
      }
    },
    "15": {
      "T1": 119.70155831502971,
      "T2": 6.808538026290434,
      "eRO": 0.08519999999999994,
      "tRO": 5201.777777777777,
      "eID": 0.0009953754724409574,
      "eSX": 0.0009953754724409574,
      "eX": 0.0009953754724409574,
      "eCX": { "15_18": 0.03174109991617888, "15_12": 0.038963765783884496 },
      "tCX": { "15_18": 597.3333333333333, "15_12": 369.77777777777777 }
    },
    "16": {
      "T1": 99.24189585218217,
      "T2": 5.731781942310519,
      "eRO": 0.07769999999999999,
      "tRO": 5201.777777777777,
      "eID": 0.0009763382374726048,
      "eSX": 0.0009763382374726048,
      "eX": 0.0009763382374726048,
      "eCX": { "16_19": 0.020968638393350808, "16_14": 0.017672309126417873 },
      "tCX": { "16_19": 270.22222222222223, "16_14": 320 }
    },