{
  "name": "ionq_harmony",
  "num_qubits": 11,
  "basis_gates": ["rxx", "rz", "ry", "rx", "measure", "barrier"],
  "connectivity": [
    [0, 1],
    [0, 2],
    [0, 3],
    [0, 4],
    [0, 5],
    [0, 6],
    [0, 7],
    [0, 8],
    [0, 9],
    [0, 10],
    [1, 2],
    [1, 3],
    [1, 4],
    [1, 5],
    [1, 6],
    [1, 7],
    [1, 8],
    [1, 9],
    [1, 10],
    [2, 3],
    [2, 4],
    [2, 5],
    [2, 6],
    [2, 7],
    [2, 8],
    [2, 9],
    [2, 10],
    [3, 4],
    [3, 5],
    [3, 6],
    [3, 7],
    [3, 8],
    [3, 9],
    [3, 10],
    [4, 5],
    [4, 6],
    [4, 7],
    [4, 8],
    [4, 9],
    [4, 10],
    [5, 6],
    [5, 7],
    [5, 8],
    [5, 9],
    [5, 10],
    [6, 7],
    [6, 8],
    [6, 9],
    [6, 10],
    [7, 8],
    [7, 9],
    [7, 10],
    [8, 9],
    [8, 10],
    [9, 10],
    [1, 0],
    [2, 0],
    [3, 0],
    [4, 0],
    [5, 0],
    [6, 0],
    [7, 0],
    [8, 0],
    [9, 0],
    [10, 0],
    [2, 1],
    [3, 1],
    [4, 1],
    [5, 1],
    [6, 1],
    [7, 1],
    [8, 1],
    [9, 1],
    [10, 1],
    [3, 2],
    [4, 2],
    [5, 2],
    [6, 2],
    [7, 2],
    [8, 2],
    [9, 2],
    [10, 2],
    [4, 3],
    [5, 3],
    [6, 3],
    [7, 3],
    [8, 3],
    [9, 3],
    [10, 3],
    [5, 4],
    [6, 4],
    [7, 4],
    [8, 4],
    [9, 4],
    [10, 4],
    [6, 5],
    [7, 5],
    [8, 5],
    [9, 5],
    [10, 5],
    [7, 6],
    [8, 6],
    [9, 6],
    [10, 6],
    [8, 7],
    [9, 7],
    [10, 7],
    [9, 8],
    [10, 8],
    [10, 9]
  ],
  "fidelity": {
    "1q": { "mean": 0.9986 },
    "2q": { "mean": 0.985 },
    "spam": { "mean": 0.99752 }
  },
  "timing": {
    "t1": 10000,
    "t2": 0.2,
    "1q": 0.00001,
    "2q": 0.0002,
    "readout": 0.00013,
    "reset": 0.00002
  }
}
