{
  "name": "iqm_apollo",
  "num_qubits": 20,
  "basis_gates": ["r", "cz", "measure", "barrier"],
  "connectivity": [
    [0, 1],
    [0, 3],
    [1, 4],
    [2, 3],
    [7, 2],
    [3, 4],
    [8, 3],
    [4, 5],
    [9, 4],
    [5, 6],
    [10, 5],
    [11, 6],
    [7, 8],
    [7, 12],
    [8, 9],
    [8, 13],
    [9, 10],
    [9, 14],
    [10, 11],
    [15, 10],
    [16, 11],
    [12, 13],
    [13, 14],
    [17, 13],
    [15, 14],
    [18, 14],
    [15, 16],
    [15, 19],
    [17, 18],
    [18, 19]
  ],
  "error": {
    "one_q": {
      "0": 0.00116,
      "1": 0.00102,
      "2": 0.00182,
      "3": 0.001,
      "4": 0.00119,
      "5": 0.0011,
      "6": 0.00124,
      "7": 0.00109,
      "8": 0.00111,
      "9": 0.00132,
      "10": 0.00114,
      "11": 0.00116,
      "12": 0.00112,
      "13": 0.00107,
      "14": 0.00211,
      "15": 0.00119,
      "16": 0.00126,
      "17": 0.00133,
      "18": 0.0016,
      "19": 0.00115
    },
    "two_q": {
      "0-1": 0.012,
      "0-3": 0.0121,
      "1-4": 0.0102,
      "2-3": 0.015,
      "7-2": 0.0103,
      "3-4": 0.016,
      "8-3": 0.0117,
      "4-5": 0.0098,
      "9-4": 0.021,
      "5-6": 0.0187,
      "10-5": 0.0135,
      "11-6": 0.0141,
      "7-8": 0.0192,
      "7-12": 0.0183,
      "8-9": 0.0133,
      "8-13": 0.0109,
      "9-10": 0.0134,
      "9-14": 0.0122,
      "10-11": 0.01,
      "15-10": 0.0201,
      "16-11": 0.018,
      "12-13": 0.0127,
      "13-14": 0.0142,
      "17-13": 0.0191,
      "15-14": 0.0146,
      "18-14": 0.0162,
      "15-16": 0.0133,
      "15-19": 0.022,
      "17-18": 0.019,
      "18-19": 0.0114
    },
    "readout": {
      "0": 0.051,
      "1": 0.049,
      "2": 0.057,
      "3": 0.049,
      "4": 0.05,
      "5": 0.053,
      "6": 0.051,
      "7": 0.058,
      "8": 0.052,
      "9": 0.044,
      "10": 0.056,
      "11": 0.051,
      "12": 0.053,
      "13": 0.048,
      "14": 0.046,
      "15": 0.044,
      "16": 0.048,
      "17": 0.049,
      "18": 0.05,
      "19": 0.056
    }
  },
  "timing": {
    "t1": {
      "0": 49500.0,
      "1": 49400.0,
      "2": 41500.0,
      "3": 50300.0,
      "4": 49100.0,
      "5": 48700.0,
      "6": 48800.0,
      "7": 49900.0,
      "8": 48200.0,
      "9": 49600.0,
      "10": 42700.0,
      "11": 50100.0,
      "12": 47500.0,
      "13": 48300.0,
      "14": 39200.0,
      "15": 49000.0,
      "16": 49100.0,
      "17": 49200.0,
      "18": 41600.0,
      "19": 41800.0
    },
    "t2": {
      "0": 9100.0,
      "1": 10100.0,
      "2": 10900.0,
      "3": 9600.0,
      "4": 8900.0,
      "5": 10200.0,
      "6": 8500.0,
      "7": 9000.0,
      "8": 9300.0,
      "9": 9800.0,
      "10": 9400.0,
      "11": 9900.0,
      "12": 10000.0,
      "13": 9000.0,
      "14": 9500.0,
      "15": 9700.0,
      "16": 10100.0,
      "17": 9200.0,
      "18": 8200.0,
      "19": 12000.0
    },
    "one_q": 42.0,
    "two_q": 130.0,
    "readout": 15000.0
  }
}
