{
  "name": "iqm_",
  "num_qubits": 5,
  "basis_gates": ["r", "rz", "measure", "barrier"],
  "connectivity": [
    [0, 2],
    [2, 0],
    [1, 2],
    [2, 1],
    [3, 2],
    [2, 3],
    [4, 2],
    [2, 4]
  ],
  "fidelity": {
    "1q": { "mean": 0.9981 },
    "2q": { "mean": 0.9667 },
    "readout": { "mean": 0.9317 }
  },
  "timing": {
    "t1":       0.0008400,
    "t2":       0.0004274,
    "1q":       0.000000040,
    "2q":       0.000000060,
    "readout":  0.000015
  }
}
