{
  "name": "oqc_lucy",
  "num_qubits": 8,
  "basis_gates": ["rz", "sx", "x", "ecr", "measure", "barrier"],
  "connectivity": [
    [0, 1],
    [0, 7],
    [1, 2],
    [7, 6],
    [2, 3],
    [4, 3],
    [4, 5],
    [6, 5]
  ],
  "properties": {
    "one_qubit": {
      "0": {
        "T1": 15.78628730750543,
        "T2": 24.431367522076382,
        "fRB": 0.9991326338074454,
        "fRO": 0.9525,
        "qubit": 0.0
      },
      "1": {
        "T1": 45.13388990674853,
        "T2": 40.52426113516133,
        "fRB": 0.9971983436235083,
        "fRO": 0.7815000000000001,
        "qubit": 1.0
      },
      "2": {
        "T1": 74.31398709495436,
        "T2": 48.106140193115536,
        "fRB": 0.9967053638749326,
        "fRO": 0.8819999999999999,
        "qubit": 2.0
      },
      "3": {
        "T1": 34.080372716054455,
        "T2": 55.3778754258616,
        "fRB": 0.99958044785722,
        "fRO": 0.9215,
        "qubit": 3.0
      },
      "4": {
        "T1": 46.36728003516343,
        "T2": 36.82970299607173,
        "fRB": 0.9991684511876318,
        "fRO": 0.8795,
        "qubit": 4.0
      },
      "5": {
        "T1": 26.008987722310582,
        "T2": 42.470426091971845,
        "fRB": 0.9996325910373496,
        "fRO": 0.9395,
        "qubit": 5.0
      },
      "6": {
        "T1": 12.309626980893269,
        "T2": 19.921244709373912,
        "fRB": 0.997851766077372,
        "fRO": 0.9345,
        "qubit": 6.0
      },
      "7": {
        "T1": 38.66827365399641,
        "T2": 33.18682064992582,
        "fRB": 0.999405101667576,
        "fRO": 0.882,
        "qubit": 7.0
      }
    },
    "two_qubit": {
      "0-1": {
        "coupling": { "control_qubit": 0.0, "target_qubit": 1.0 },
        "fCX": 0.9453766394259683
      },
      "0-7": {
        "coupling": { "control_qubit": 0.0, "target_qubit": 7.0 },
        "fCX": 0.9490327707249107
      },
      "1-2": {
        "coupling": { "control_qubit": 1.0, "target_qubit": 2.0 },
        "fCX": 0.937420422997459
      },
      "2-3": {
        "coupling": { "control_qubit": 2.0, "target_qubit": 3.0 },
        "fCX": 0.9433658127189578
      },
      "4-3": {
        "coupling": { "control_qubit": 4.0, "target_qubit": 3.0 },
        "fCX": 0.9580658927174651
      },
      "4-5": {
        "coupling": { "control_qubit": 4.0, "target_qubit": 5.0 },
        "fCX": 0.9716473635543361
      },
      "6-5": {
        "coupling": { "control_qubit": 6.0, "target_qubit": 5.0 },
        "fCX": 0.9497968896117499
      },
      "7-6": {
        "coupling": { "control_qubit": 7.0, "target_qubit": 6.0 },
        "fCX": 0.9456903499165887
      }
    }
  }
}
